[
    {"country_code":"KH","name":"Phnom Penh","code":"KH-12"},
    {"country_code":"KH","name":"Banteay Meanchey","code":"KH-1"},
    {"country_code":"KH","name":"Battambang","code":"KH-2"},
    {"country_code":"KH","name":"Kampong Cham","code":"KH-3"},
    {"country_code":"KH","name":"Kampong Chhnang","code":"KH-4"},
    {"country_code":"KH","name":"Kampong Speu","code":"KH-5"},
    {"country_code":"KH","name":"Kampong Thom","code":"KH-6"},
    {"country_code":"KH","name":"Kampot","code":"KH-7"},
    {"country_code":"KH","name":"Kandal","code":"KH-8"},
    {"country_code":"KH","name":"Koh Kong","code":"KH-9"},
    {"country_code":"KH","name":"Kratie","code":"KH-10"},
    {"country_code":"KH","name":"Mondulkiri","code":"KH-11"},
    {"country_code":"KH","name":"Oddar Meanchey","code":"KH-22"},
    {"country_code":"KH","name":"Pailin","code":"KH-24"},
    {"country_code":"KH","name":"Preah Sihanouk","code":"KH-18"},
    {"country_code":"KH","name":"Preah Vihear","code":"KH-13"},
    {"country_code":"KH","name":"Prey Veng","code":"KH-14"},
    {"country_code":"KH","name":"Pursat","code":"KH-15"},
    {"country_code":"KH","name":"Ratanakiri","code":"KH-16"},
    {"country_code":"KH","name":"Siem Reap","code":"KH-17"},
    {"country_code":"KH","name":"Stung Treng","code":"KH-19"},
    {"country_code":"KH","name":"Svay Rieng","code":"KH-20"},
    {"country_code":"KH","name":"Takeo","code":"KH-21"},
    {"country_code":"KH","name":"Tbong Khmum","code":"KH-25"},
    {"country_code":"KH","name":"Kep","code":"KH-23"}
]